{
    "0": {
        "scores": {
            "dreamfusion": 1000.0,
            "gdream": 1048.45668886874,
            "latentnerf": 1157.486705052872,
            "magic3d": 934.171940109313,
            "mvdream": 1010.8789674248228,
            "prolific": 1033.9960552354762
        },
        "methods": [
            "dreamfusion",
            "gdream",
            "latentnerf",
            "magic3d",
            "mvdream",
            "prolific"
        ],
        "ranking": [
            [
                "latentnerf",
                1157.486705052872
            ],
            [
                "gdream",
                1048.45668886874
            ],
            [
                "prolific",
                1033.9960552354762
            ],
            [
                "mvdream",
                1010.8789674248228
            ],
            [
                "dreamfusion",
                1000.0
            ],
            [
                "magic3d",
                934.171940109313
            ]
        ]
    },
    "1": {
        "scores": {
            "dreamfusion": 1000.0,
            "gdream": 1087.9996702973156,
            "latentnerf": 1127.693396708867,
            "magic3d": 970.714654640793,
            "mvdream": 1056.483820567536,
            "prolific": 1028.4471867236762
        },
        "methods": [
            "dreamfusion",
            "gdream",
            "latentnerf",
            "magic3d",
            "mvdream",
            "prolific"
        ],
        "ranking": [
            [
                "latentnerf",
                1127.693396708867
            ],
            [
                "gdream",
                1087.9996702973156
            ],
            [
                "mvdream",
                1056.483820567536
            ],
            [
                "prolific",
                1028.4471867236762
            ],
            [
                "dreamfusion",
                1000.0
            ],
            [
                "magic3d",
                970.714654640793
            ]
        ]
    },
    "2": {
        "scores": {
            "dreamfusion": 1000.0,
            "gdream": 1023.2294760653527,
            "latentnerf": 1134.082391085388,
            "magic3d": 978.9005180417831,
            "mvdream": 1065.2949768992435,
            "prolific": 976.9353978340606
        },
        "methods": [
            "dreamfusion",
            "gdream",
            "latentnerf",
            "magic3d",
            "mvdream",
            "prolific"
        ],
        "ranking": [
            [
                "latentnerf",
                1134.082391085388
            ],
            [
                "mvdream",
                1065.2949768992435
            ],
            [
                "gdream",
                1023.2294760653527
            ],
            [
                "dreamfusion",
                1000.0
            ],
            [
                "magic3d",
                978.9005180417831
            ],
            [
                "prolific",
                976.9353978340606
            ]
        ]
    },
    "3": {
        "scores": {
            "dreamfusion": 1000.0,
            "gdream": 1110.358477172692,
            "latentnerf": 1126.2370855680151,
            "magic3d": 982.8931076338338,
            "mvdream": 1153.4302398962186,
            "prolific": 1118.2446168996905
        },
        "methods": [
            "dreamfusion",
            "gdream",
            "latentnerf",
            "magic3d",
            "mvdream",
            "prolific"
        ],
        "ranking": [
            [
                "mvdream",
                1153.4302398962186
            ],
            [
                "latentnerf",
                1126.2370855680151
            ],
            [
                "prolific",
                1118.2446168996905
            ],
            [
                "gdream",
                1110.358477172692
            ],
            [
                "dreamfusion",
                1000.0
            ],
            [
                "magic3d",
                982.8931076338338
            ]
        ]
    },
    "4": {
        "scores": {
            "dreamfusion": 1000.0,
            "gdream": 1033.6298729650937,
            "latentnerf": 1137.081863802691,
            "magic3d": 996.5817522223654,
            "mvdream": 1077.9456234995587,
            "prolific": 999.8469371647137
        },
        "methods": [
            "dreamfusion",
            "gdream",
            "latentnerf",
            "magic3d",
            "mvdream",
            "prolific"
        ],
        "ranking": [
            [
                "latentnerf",
                1137.081863802691
            ],
            [
                "mvdream",
                1077.9456234995587
            ],
            [
                "gdream",
                1033.6298729650937
            ],
            [
                "dreamfusion",
                1000.0
            ],
            [
                "prolific",
                999.8469371647137
            ],
            [
                "magic3d",
                996.5817522223654
            ]
        ]
    },
    "5": {
        "scores": {
            "dreamfusion": 1000.0,
            "gdream": 1037.294618839294,
            "latentnerf": 1135.2285209163672,
            "magic3d": 978.5719874943165,
            "mvdream": 1054.3706964880187,
            "prolific": 1002.7484079223294
        },
        "methods": [
            "dreamfusion",
            "gdream",
            "latentnerf",
            "magic3d",
            "mvdream",
            "prolific"
        ],
        "ranking": [
            [
                "latentnerf",
                1135.2285209163672
            ],
            [
                "mvdream",
                1054.3706964880187
            ],
            [
                "gdream",
                1037.294618839294
            ],
            [
                "prolific",
                1002.7484079223294
            ],
            [
                "dreamfusion",
                1000.0
            ],
            [
                "magic3d",
                978.5719874943165
            ]
        ]
    }
}