{
    "0": {
        "scores": {
            "dreamfusion": 1000.0,
            "gdream": 994.8176651006402,
            "latentnerf": 1140.8328831959109,
            "magic3d": 923.5383342178277,
            "mvdream": 1044.239320016565,
            "prolific": 983.279722198055
        },
        "methods": [
            "dreamfusion",
            "gdream",
            "latentnerf",
            "magic3d",
            "mvdream",
            "prolific"
        ],
        "ranking": [
            [
                "latentnerf",
                1140.8328831959109
            ],
            [
                "mvdream",
                1044.239320016565
            ],
            [
                "dreamfusion",
                1000.0
            ],
            [
                "gdream",
                994.8176651006402
            ],
            [
                "prolific",
                983.279722198055
            ],
            [
                "magic3d",
                923.5383342178277
            ]
        ]
    },
    "1": {
        "scores": {
            "dreamfusion": 1000.0,
            "gdream": 984.3551864732328,
            "latentnerf": 1142.9745121957005,
            "magic3d": 843.2439255030765,
            "mvdream": 985.2822183623233,
            "prolific": 960.4262849831689
        },
        "methods": [
            "dreamfusion",
            "gdream",
            "latentnerf",
            "magic3d",
            "mvdream",
            "prolific"
        ],
        "ranking": [
            [
                "latentnerf",
                1142.9745121957005
            ],
            [
                "dreamfusion",
                1000.0
            ],
            [
                "mvdream",
                985.2822183623233
            ],
            [
                "gdream",
                984.3551864732328
            ],
            [
                "prolific",
                960.4262849831689
            ],
            [
                "magic3d",
                843.2439255030765
            ]
        ]
    },
    "2": {
        "scores": {
            "dreamfusion": 1000.0,
            "gdream": 1007.4211995000595,
            "latentnerf": 1178.0937477100226,
            "magic3d": 827.4345916366676,
            "mvdream": 971.9542704077121,
            "prolific": 887.5571741442683
        },
        "methods": [
            "dreamfusion",
            "gdream",
            "latentnerf",
            "magic3d",
            "mvdream",
            "prolific"
        ],
        "ranking": [
            [
                "latentnerf",
                1178.0937477100226
            ],
            [
                "gdream",
                1007.4211995000595
            ],
            [
                "dreamfusion",
                1000.0
            ],
            [
                "mvdream",
                971.9542704077121
            ],
            [
                "prolific",
                887.5571741442683
            ],
            [
                "magic3d",
                827.4345916366676
            ]
        ]
    },
    "3": {
        "scores": {
            "dreamfusion": 1000.0,
            "gdream": 1102.7543747559241,
            "latentnerf": 1137.7582488071603,
            "magic3d": 909.782229368929,
            "mvdream": 1090.5395278544668,
            "prolific": 1073.054608115417
        },
        "methods": [
            "dreamfusion",
            "gdream",
            "latentnerf",
            "magic3d",
            "mvdream",
            "prolific"
        ],
        "ranking": [
            [
                "latentnerf",
                1137.7582488071603
            ],
            [
                "gdream",
                1102.7543747559241
            ],
            [
                "mvdream",
                1090.5395278544668
            ],
            [
                "prolific",
                1073.054608115417
            ],
            [
                "dreamfusion",
                1000.0
            ],
            [
                "magic3d",
                909.782229368929
            ]
        ]
    },
    "4": {
        "scores": {
            "dreamfusion": 1000.0,
            "gdream": 997.8533404817022,
            "latentnerf": 1157.5034216979063,
            "magic3d": 827.7961258366087,
            "mvdream": 999.8431326643039,
            "prolific": 916.164941694033
        },
        "methods": [
            "dreamfusion",
            "gdream",
            "latentnerf",
            "magic3d",
            "mvdream",
            "prolific"
        ],
        "ranking": [
            [
                "latentnerf",
                1157.5034216979063
            ],
            [
                "dreamfusion",
                1000.0
            ],
            [
                "mvdream",
                999.8431326643039
            ],
            [
                "gdream",
                997.8533404817022
            ],
            [
                "prolific",
                916.164941694033
            ],
            [
                "magic3d",
                827.7961258366087
            ]
        ]
    },
    "5": {
        "scores": {
            "dreamfusion": 1000.0,
            "gdream": 988.4368795191305,
            "latentnerf": 1167.6546479252288,
            "magic3d": 833.0487395750346,
            "mvdream": 976.2506837661319,
            "prolific": 920.4050713421481
        },
        "methods": [
            "dreamfusion",
            "gdream",
            "latentnerf",
            "magic3d",
            "mvdream",
            "prolific"
        ],
        "ranking": [
            [
                "latentnerf",
                1167.6546479252288
            ],
            [
                "dreamfusion",
                1000.0
            ],
            [
                "gdream",
                988.4368795191305
            ],
            [
                "mvdream",
                976.2506837661319
            ],
            [
                "prolific",
                920.4050713421481
            ],
            [
                "magic3d",
                833.0487395750346
            ]
        ]
    }
}