{
    "0": {
        "scores": {
            "dreamfusion": 1000.0,
            "gdream": 1060.8169746256606,
            "latentnerf": 1189.4657207954742,
            "magic3d": 954.3628440588984,
            "mvdream": 1054.9090790181615,
            "prolific": 1158.2930005399628
        },
        "methods": [
            "dreamfusion",
            "gdream",
            "latentnerf",
            "magic3d",
            "mvdream",
            "prolific"
        ],
        "ranking": [
            [
                "latentnerf",
                1189.4657207954742
            ],
            [
                "prolific",
                1158.2930005399628
            ],
            [
                "gdream",
                1060.8169746256606
            ],
            [
                "mvdream",
                1054.9090790181615
            ],
            [
                "dreamfusion",
                1000.0
            ],
            [
                "magic3d",
                954.3628440588984
            ]
        ]
    },
    "1": {
        "scores": {
            "dreamfusion": 1000.0,
            "gdream": 965.2015307841751,
            "latentnerf": 1177.2746614442883,
            "magic3d": 949.4195320872403,
            "mvdream": 997.3592739490301,
            "prolific": 1040.1213558034365
        },
        "methods": [
            "dreamfusion",
            "gdream",
            "latentnerf",
            "magic3d",
            "mvdream",
            "prolific"
        ],
        "ranking": [
            [
                "latentnerf",
                1177.2746614442883
            ],
            [
                "prolific",
                1040.1213558034365
            ],
            [
                "dreamfusion",
                1000.0
            ],
            [
                "mvdream",
                997.3592739490301
            ],
            [
                "gdream",
                965.2015307841751
            ],
            [
                "magic3d",
                949.4195320872403
            ]
        ]
    },
    "2": {
        "scores": {
            "dreamfusion": 1000.0,
            "gdream": 1011.7270899550772,
            "latentnerf": 1215.2748115289687,
            "magic3d": 974.0962211127402,
            "mvdream": 1055.7370635375125,
            "prolific": 1101.7836843489204
        },
        "methods": [
            "dreamfusion",
            "gdream",
            "latentnerf",
            "magic3d",
            "mvdream",
            "prolific"
        ],
        "ranking": [
            [
                "latentnerf",
                1215.2748115289687
            ],
            [
                "prolific",
                1101.7836843489204
            ],
            [
                "mvdream",
                1055.7370635375125
            ],
            [
                "gdream",
                1011.7270899550772
            ],
            [
                "dreamfusion",
                1000.0
            ],
            [
                "magic3d",
                974.0962211127402
            ]
        ]
    },
    "3": {
        "scores": {
            "dreamfusion": 1000.0,
            "gdream": 1023.7065490555331,
            "latentnerf": 1237.4713955418938,
            "magic3d": 977.2957871290764,
            "mvdream": 1078.5462711859277,
            "prolific": 1194.909895763293
        },
        "methods": [
            "dreamfusion",
            "gdream",
            "latentnerf",
            "magic3d",
            "mvdream",
            "prolific"
        ],
        "ranking": [
            [
                "latentnerf",
                1237.4713955418938
            ],
            [
                "prolific",
                1194.909895763293
            ],
            [
                "mvdream",
                1078.5462711859277
            ],
            [
                "gdream",
                1023.7065490555331
            ],
            [
                "dreamfusion",
                1000.0
            ],
            [
                "magic3d",
                977.2957871290764
            ]
        ]
    },
    "4": {
        "scores": {
            "dreamfusion": 1000.0,
            "gdream": 1019.4769237282748,
            "latentnerf": 1214.7625137066752,
            "magic3d": 979.2708480492049,
            "mvdream": 1067.1137395445282,
            "prolific": 1140.9794890872856
        },
        "methods": [
            "dreamfusion",
            "gdream",
            "latentnerf",
            "magic3d",
            "mvdream",
            "prolific"
        ],
        "ranking": [
            [
                "latentnerf",
                1214.7625137066752
            ],
            [
                "prolific",
                1140.9794890872856
            ],
            [
                "mvdream",
                1067.1137395445282
            ],
            [
                "gdream",
                1019.4769237282748
            ],
            [
                "dreamfusion",
                1000.0
            ],
            [
                "magic3d",
                979.2708480492049
            ]
        ]
    },
    "5": {
        "scores": {
            "dreamfusion": 1000.0,
            "gdream": 1021.9163837955364,
            "latentnerf": 1225.1883452242719,
            "magic3d": 974.2560790338028,
            "mvdream": 1076.130229927554,
            "prolific": 1154.5036320680501
        },
        "methods": [
            "dreamfusion",
            "gdream",
            "latentnerf",
            "magic3d",
            "mvdream",
            "prolific"
        ],
        "ranking": [
            [
                "latentnerf",
                1225.1883452242719
            ],
            [
                "prolific",
                1154.5036320680501
            ],
            [
                "mvdream",
                1076.130229927554
            ],
            [
                "gdream",
                1021.9163837955364
            ],
            [
                "dreamfusion",
                1000.0
            ],
            [
                "magic3d",
                974.2560790338028
            ]
        ]
    }
}